date,store_id,store_type,day_of_week,is_weekend,temperature_c,humidity_percent,footfall,active_staff_on_shift,avg_staff_experience_years,opening_inventory_value_inr,daily_sales_inr,cold_chain_break_minutes,shrinkage_value_inr,spoilage_value_inr,high_shrinkage_risk,high_spoilage_risk
1/1/2026,STORE_001,Supermarket,3,0,37.2,80.3,1919,11,3,187498,51231,0,1479.25,1572.46,0,0
1/2/2026,STORE_001,Supermarket,4,0,37.5,85.8,1691,9,3.9,447449,91705,0,2451.11,2473.37,0,0
1/3/2026,STORE_001,Supermarket,5,1,24.2,56.1,2637,7,2.6,428947,93717,0,3858.71,2541.58,1,0
1/4/2026,STORE_001,Supermarket,6,1,23,92.2,3107,6,2.6,168148,24579,0,3985.79,1415.6,1,0
1/5/2026,STORE_001,Supermarket,0,0,35.3,49.5,1797,6,4.1,381601,70608,0,2391.69,2300.71,0,0
1/6/2026,STORE_001,Supermarket,1,0,35.5,64.7,1799,8,3.8,111534,13127,0,1788.17,474.5,0,0
1/7/2026,STORE_001,Supermarket,2,0,28.2,54.9,2054,14,5.8,336584,53602,0,1022.61,1504.26,0,0
1/8/2026,STORE_001,Supermarket,3,0,28.3,56.1,1575,7,4.4,113986,29412,0,1996.12,1306.03,0,0
1/9/2026,STORE_001,Supermarket,4,0,36.6,86.8,1831,5,0.8,397366,92891,0,3382.67,2521.53,1,0
1/10/2026,STORE_001,Supermarket,5,1,31,61.1,3112,7,4.7,198806,50535,0,3370.14,1355.06,1,0
1/11/2026,STORE_001,Supermarket,6,1,22.4,45.9,2375,11,3.1,285340,57557,30,2884.41,1725.69,1,0
1/12/2026,STORE_001,Supermarket,0,0,34.1,52.6,1612,7,1.4,143585,32288,0,2542.29,651.72,1,0
1/13/2026,STORE_001,Supermarket,1,0,25.5,62.9,2086,14,1.2,144262,40590,0,1307.44,1185.2,0,0
1/14/2026,STORE_001,Supermarket,2,0,27.6,56.8,1663,13,3.2,328576,40734,0,1577.37,2394.19,0,0
1/15/2026,STORE_001,Supermarket,3,0,30.3,78.7,1780,5,1.9,314283,47254,0,2997.47,1759.89,1,0
1/16/2026,STORE_001,Supermarket,4,0,22.6,73.5,1862,10,0.7,369536,83836,0,2703.94,2212.11,1,0
1/17/2026,STORE_001,Supermarket,5,1,30.8,72.6,2414,12,1.8,387486,100989,0,3211.27,2792.65,1,0
1/18/2026,STORE_001,Supermarket,6,1,35.1,83.9,2468,10,4.3,454050,99063,0,3239.36,2214.04,1,0
1/19/2026,STORE_001,Supermarket,0,0,25.6,75.5,1669,5,2.7,319686,91860,0,2734.36,1794,1,0
1/20/2026,STORE_001,Supermarket,1,0,36.8,88.3,1718,14,5.9,247443,50955,0,1075.02,1279.22,0,0
1/21/2026,STORE_001,Supermarket,2,0,36.4,74.8,1766,7,4.4,166690,45217,0,2240.54,1627.62,0,0
1/22/2026,STORE_001,Supermarket,3,0,37,83.2,1960,7,2.5,400504,93197,0,2926.25,2097.93,1,0
1/23/2026,STORE_001,Supermarket,4,0,33.1,75.9,1699,5,0.6,453556,61576,0,3789.58,2905.15,1,0
1/24/2026,STORE_001,Supermarket,5,1,26.9,69.8,2749,10,2,216381,63746,0,3435.95,1817.85,1,0
1/25/2026,STORE_001,Supermarket,6,1,34.7,67.6,2802,5,1.6,271836,54323,0,4050.83,2004.03,1,0
1/26/2026,STORE_001,Supermarket,0,0,37.9,65.8,1731,10,2.5,425352,123613,0,2517.18,2566.42,1,0
1/27/2026,STORE_001,Supermarket,1,0,37.7,44.1,1746,11,2,316386,42363,0,2324.99,2338.88,0,0
1/28/2026,STORE_001,Supermarket,2,0,31.1,45.3,1928,10,2.5,156958,31966,30,2074.93,1616.96,0,0
1/29/2026,STORE_001,Supermarket,3,0,33.2,59.8,1739,11,2.8,129592,28808,0,1749.82,498.54,0,0
1/30/2026,STORE_001,Supermarket,4,0,25.1,43.9,1800,7,2.4,132097,15692,0,2343.55,453.63,0,0
1/31/2026,STORE_001,Supermarket,5,1,30.7,55.8,2813,10,1.9,170313,45051,0,3330.47,799.53,1,0
2/1/2026,STORE_001,Supermarket,6,1,34.3,51.9,2838,8,5.1,289407,59696,0,3363.47,1911.66,1,0
2/2/2026,STORE_001,Supermarket,0,0,37.6,68.4,1757,5,2.7,310706,58348,0,3234.7,1472.08,1,0
2/3/2026,STORE_001,Supermarket,1,0,35.4,78.3,1807,14,5.5,492942,73965,0,1512.7,3091.21,0,1
2/4/2026,STORE_001,Supermarket,2,0,26.5,92.5,2000,9,3.9,290710,31845,0,1873.52,1522.2,0,0
2/5/2026,STORE_001,Supermarket,3,0,27.5,45,1622,8,1.5,406063,48551,0,2728.25,2276.29,1,0
2/6/2026,STORE_001,Supermarket,4,0,28.9,61.9,1929,9,5.4,226131,39555,0,1879.06,1463.99,0,0
2/7/2026,STORE_001,Supermarket,5,1,32.5,49,2406,11,5.7,149115,32381,60,2094.13,1730.55,0,0
2/8/2026,STORE_001,Supermarket,6,1,32.3,65.2,2778,9,3.9,138304,31850,0,2814.36,822.58,1,0
2/9/2026,STORE_001,Supermarket,0,0,28,42.1,1930,11,0.9,125351,22197,0,1920.12,733.68,0,0
2/10/2026,STORE_001,Supermarket,1,0,29.9,78.1,1771,12,4.5,160692,47165,0,1289.6,1110.73,0,0
2/11/2026,STORE_001,Supermarket,2,0,31.2,80.2,1642,5,4.8,319798,91510,30,2694.32,2224.58,1,0
2/12/2026,STORE_001,Supermarket,3,0,34.1,45.7,2097,8,5,219180,61174,0,2141.29,914.34,0,0
2/13/2026,STORE_001,Supermarket,4,0,23.5,57.6,2125,8,3.7,105486,12305,0,1965.69,920.17,0,0
2/14/2026,STORE_001,Supermarket,5,1,25.4,92,2963,11,1,252617,74484,120,3728.96,2421.96,1,0
2/15/2026,STORE_001,Supermarket,6,1,30.7,78.8,3109,13,4.7,331915,90736,15,2611.88,2125.57,1,0
2/16/2026,STORE_001,Supermarket,0,0,28.3,89.1,1653,9,1.8,128295,22432,0,2430.24,1363.07,0,0
2/17/2026,STORE_001,Supermarket,1,0,37.8,81.4,1788,7,4.8,334677,80662,0,2248.83,1936.84,0,0
2/18/2026,STORE_001,Supermarket,2,0,26.1,62.3,1903,8,1.2,256542,58964,15,2990.69,1833.48,1,0
2/19/2026,STORE_001,Supermarket,3,0,28,55.7,2077,10,2.9,398539,117800,0,2100.82,2122.48,0,0
2/20/2026,STORE_001,Supermarket,4,0,36.8,90.6,1715,7,5.8,214065,28522,0,2137.13,1320.62,0,0
2/21/2026,STORE_001,Supermarket,5,1,33.2,61.1,2928,14,5.7,121447,21727,0,1718.7,792.2,0,0
2/22/2026,STORE_001,Supermarket,6,1,32.3,61.4,2530,9,5.9,120159,22908,0,2372.04,726.26,0,0
2/23/2026,STORE_001,Supermarket,0,0,31.6,54.9,1645,7,5,498929,91467,0,2312.01,3236.52,0,1
2/24/2026,STORE_001,Supermarket,1,0,36,70.3,1664,12,2.6,127712,25041,120,1701.57,2106.2,0,0
2/25/2026,STORE_001,Supermarket,2,0,28.3,85.6,1901,5,3.1,205570,26060,0,2796.27,1001.51,1,0
2/26/2026,STORE_001,Supermarket,3,0,30.5,81.2,2103,11,4.7,373060,93793,0,1639.45,2002.48,0,0
2/27/2026,STORE_001,Supermarket,4,0,26,55.1,1688,5,4.2,470463,51458,0,2968.63,2169.8,1,0
2/28/2026,STORE_001,Supermarket,5,1,29.6,85.7,2591,5,3.5,206884,24346,15,3697.3,1679.48,1,0
3/1/2026,STORE_001,Supermarket,6,1,28.7,83.2,2851,7,5.5,427359,43979,0,3515.56,2619.81,1,0
3/2/2026,STORE_001,Supermarket,0,0,29,89.7,1771,10,3,404462,72523,0,2605.74,2798.77,1,0
3/3/2026,STORE_001,Supermarket,1,0,24.4,91,1856,8,3,323777,72578,0,2530.94,1723.02,1,0
3/4/2026,STORE_001,Supermarket,2,0,27.5,69.5,1837,10,4.3,158243,21580,0,1574.56,1534,0,0
3/5/2026,STORE_001,Supermarket,3,0,32.7,49.5,1680,7,5,211195,35802,0,2011.04,1416.69,0,0
3/6/2026,STORE_001,Supermarket,4,0,27.7,89.2,1642,14,4.3,123624,14644,0,908.44,1212,0,0
3/7/2026,STORE_001,Supermarket,5,1,24.5,60.8,2352,8,4.9,489744,107477,120,3679.91,3990.21,1,1
3/8/2026,STORE_001,Supermarket,6,1,25.8,81.8,2767,6,4.6,366765,47513,0,3953.69,2395.39,1,0
3/9/2026,STORE_001,Supermarket,0,0,34,41.7,2076,10,3.4,266926,32291,15,2049.83,1462.01,0,0
3/10/2026,STORE_001,Supermarket,1,0,35.5,44.9,1881,13,5.4,471923,91927,0,1539.7,2820.64,0,0
3/11/2026,STORE_001,Supermarket,2,0,31.3,80.5,1894,12,2.9,172274,30277,0,1668.48,1659.02,0,0
3/12/2026,STORE_001,Supermarket,3,0,25.9,67.4,1761,13,1.8,216421,37456,0,1501.67,1764.62,0,0
3/13/2026,STORE_001,Supermarket,4,0,34.9,43.1,2062,7,3.4,366468,108648,0,2940.82,2034,1,0
3/14/2026,STORE_001,Supermarket,5,1,35.8,84.9,2552,12,4.5,360669,103106,0,2615.33,2308.66,1,0
3/15/2026,STORE_001,Supermarket,6,1,34.3,50.3,2604,7,1.6,276659,41078,0,3808.5,1816.32,1,0
3/16/2026,STORE_001,Supermarket,0,0,31.3,48.5,1849,7,0.8,342353,65339,0,2930.64,2062.69,1,0
3/17/2026,STORE_001,Supermarket,1,0,33,44.8,1648,13,4.7,347754,67684,0,1184.33,2332.46,0,0
3/18/2026,STORE_001,Supermarket,2,0,35.6,81,1807,9,4.5,296513,40398,0,2018.41,2144.69,0,0
3/19/2026,STORE_001,Supermarket,3,0,35.5,47.7,2034,7,1.4,255002,57822,30,2886.39,1711.81,1,0
3/20/2026,STORE_001,Supermarket,4,0,32.9,64.9,1986,7,3.9,318134,59729,0,2389.76,1805.23,0,0
3/21/2026,STORE_001,Supermarket,5,1,30.5,43.7,2530,11,1.1,154917,25803,15,2954.87,1401.9,1,0
3/22/2026,STORE_001,Supermarket,6,1,36.1,67.2,2931,8,6,459864,74656,0,3155.35,2925.37,1,0
3/23/2026,STORE_001,Supermarket,0,0,31.1,81.9,2082,5,1.1,254782,44781,0,3199.14,1779.07,1,0
3/24/2026,STORE_001,Supermarket,1,0,30.6,66.7,1807,6,0.6,332050,79290,0,3182.22,1765.15,1,0
3/25/2026,STORE_001,Supermarket,2,0,24.9,90,1910,12,2.8,477177,138122,0,2238.89,2866.61,0,0
3/26/2026,STORE_001,Supermarket,3,0,31.8,41,2079,8,5.6,295716,84131,15,1975.11,1563.12,0,0
3/27/2026,STORE_001,Supermarket,4,0,31.7,63.3,2000,12,5.1,278954,53048,0,1591.25,2228.01,0,0
3/28/2026,STORE_001,Supermarket,5,1,24,90.6,3032,11,1.8,430388,75688,15,3989.45,2399.32,1,0
3/29/2026,STORE_001,Supermarket,6,1,31.7,46.3,2675,14,5.6,239649,46285,0,2099.04,1914.1,0,0
3/30/2026,STORE_001,Supermarket,0,0,22.5,90.2,1713,13,3.2,382100,108122,0,1874.86,2374.19,0,0
3/31/2026,STORE_001,Supermarket,1,0,22.2,76.5,1671,8,3,333619,61027,0,2485.66,2505.47,0,0
1/1/2026,STORE_002,Hypermarket,3,0,28.4,63.5,1730,5,0.7,190397,50895,0,3242.23,1078.53,1,0
1/2/2026,STORE_002,Hypermarket,4,0,30.4,69.4,1571,10,4.7,427299,58277,30,1945.68,3242.81,0,1
1/3/2026,STORE_002,Hypermarket,5,1,26.3,75.4,2268,11,5.9,388543,94491,0,2364.27,1827.51,0,0
1/4/2026,STORE_002,Hypermarket,6,1,25.7,77,2009,10,2.4,434402,120543,0,3526.49,2752.32,1,0
1/5/2026,STORE_002,Hypermarket,0,0,37.8,73.2,1733,8,5.7,489301,68989,0,1969.7,3251.44,0,1
1/6/2026,STORE_002,Hypermarket,1,0,23.4,51.4,1344,7,3.7,262491,63205,30,2220.9,2008.42,0,0
1/7/2026,STORE_002,Hypermarket,2,0,35.2,60,1348,8,3.9,232351,48888,0,2338.57,1312.22,0,0
1/8/2026,STORE_002,Hypermarket,3,0,34.2,47.7,1764,12,5.9,317215,43274,0,1425.84,1912.63,0,0
1/9/2026,STORE_002,Hypermarket,4,0,33.2,62.1,1440,10,5.1,216739,27407,30,1617.39,1927.22,0,0
1/10/2026,STORE_002,Hypermarket,5,1,35.2,69.1,2539,13,2,328504,65534,15,2810.52,1782.4,1,0
1/11/2026,STORE_002,Hypermarket,6,1,26.2,54.7,2484,6,3.8,147924,19980,30,3257.73,1253.49,1,0
1/12/2026,STORE_002,Hypermarket,0,0,30.3,42.6,1414,5,1,111555,28356,0,2826.83,1174.15,1,0
1/13/2026,STORE_002,Hypermarket,1,0,36.6,79.7,1635,10,3.1,366997,46608,0,2251.4,2027,0,0
1/14/2026,STORE_002,Hypermarket,2,0,24.6,86.3,1753,6,3.9,232596,39280,0,2533.45,1457.67,1,0
1/15/2026,STORE_002,Hypermarket,3,0,31.6,65.3,1369,6,4.9,306258,47295,0,2074.37,1746.16,0,0
1/16/2026,STORE_002,Hypermarket,4,0,36.7,47.5,1805,11,3.4,251563,52420,30,1987.56,2116.04,0,0
1/17/2026,STORE_002,Hypermarket,5,1,32.5,78.1,2562,13,5.5,351147,50650,120,2106.95,3796.59,0,1
1/18/2026,STORE_002,Hypermarket,6,1,33.3,90.9,2116,9,3.1,144813,17971,15,2596.8,1005.86,1,0
1/19/2026,STORE_002,Hypermarket,0,0,28.7,83.7,1703,8,5.1,137265,28068,0,1593.65,1231.09,0,0
1/20/2026,STORE_002,Hypermarket,1,0,31,66.5,1772,12,2.9,385654,43606,0,2192.94,2322.26,0,0
1/21/2026,STORE_002,Hypermarket,2,0,27.1,74.4,1773,14,5.3,210017,22026,30,1112.16,1230.05,0,0
1/22/2026,STORE_002,Hypermarket,3,0,30.5,91.6,1729,11,0.6,407228,103206,0,2743.86,2443.32,1,0
1/23/2026,STORE_002,Hypermarket,4,0,36,94.1,1714,13,2.4,350195,86679,0,1804.56,1823.75,0,0
1/24/2026,STORE_002,Hypermarket,5,1,26.6,56.3,2152,13,2,361044,107426,0,3005.88,1991.45,1,0
1/25/2026,STORE_002,Hypermarket,6,1,25.5,92.2,2520,10,5.9,287710,83132,0,2405.64,1956.06,0,0
1/26/2026,STORE_002,Hypermarket,0,0,37.9,52.7,1801,10,3.8,439273,48051,0,2523.01,2080.7,1,0
1/27/2026,STORE_002,Hypermarket,1,0,35.2,84,1645,11,5.4,176898,38821,0,1247.44,1072.72,0,0
1/28/2026,STORE_002,Hypermarket,2,0,29.9,94.8,1779,7,1.7,369431,92200,0,3192.84,2675.98,1,0
1/29/2026,STORE_002,Hypermarket,3,0,29.3,61.5,1467,13,0.7,188801,51434,15,1914.82,1580.25,0,0
1/30/2026,STORE_002,Hypermarket,4,0,23.4,62.5,1517,12,4.3,432975,86237,0,1917.61,2189.56,0,0
1/31/2026,STORE_002,Hypermarket,5,1,23.2,86.8,2326,7,5,232663,54076,0,3168.67,1904.21,1,0
2/1/2026,STORE_002,Hypermarket,6,1,30.3,87.7,2160,13,2.3,282828,67735,0,2837.29,1947.35,1,0
2/2/2026,STORE_002,Hypermarket,0,0,24.5,88.4,1766,7,5.3,178249,22419,0,1669.55,1522.45,0,0
2/3/2026,STORE_002,Hypermarket,1,0,35.1,85.8,1584,11,1.6,175418,51965,0,2069.64,1069.79,0,0
2/4/2026,STORE_002,Hypermarket,2,0,30.6,82.9,1384,11,3.5,244353,41142,0,1488.61,2055.49,0,0
2/5/2026,STORE_002,Hypermarket,3,0,37,77.8,1365,5,4.7,426032,92207,0,2476.01,2669.48,0,0
2/6/2026,STORE_002,Hypermarket,4,0,35.9,93.5,1814,8,4.1,252499,63542,0,2010.56,1244.62,0,0
2/7/2026,STORE_002,Hypermarket,5,1,29.8,82.4,2451,14,1.4,244097,73088,0,2581.87,1568.07,1,0
2/8/2026,STORE_002,Hypermarket,6,1,34.7,78.2,2143,6,4.8,414451,95697,0,3281.04,2931.22,1,0
2/9/2026,STORE_002,Hypermarket,0,0,28.9,91.9,1540,8,2.7,294488,55499,0,2587.63,1713.38,1,0
2/10/2026,STORE_002,Hypermarket,1,0,33.9,51,1764,12,2.5,380783,79449,0,1842.66,1930.12,0,0
2/11/2026,STORE_002,Hypermarket,2,0,24.5,65,1595,11,3.9,182879,29047,30,1356.53,1999.41,0,0
2/12/2026,STORE_002,Hypermarket,3,0,29.4,40.1,1629,8,2.9,466245,67655,0,2660.95,2750.04,1,0
2/13/2026,STORE_002,Hypermarket,4,0,31.4,63.8,1822,5,0.6,354225,83629,0,3603.78,2594.22,1,0
2/14/2026,STORE_002,Hypermarket,5,1,32.5,81.6,2630,13,0.7,264053,65968,0,3245.65,1330.36,1,0
2/15/2026,STORE_002,Hypermarket,6,1,22.3,66.5,2136,5,3.6,122431,35290,0,3522.38,957.4,1,0
2/16/2026,STORE_002,Hypermarket,0,0,23.3,85.3,1509,11,1.2,254470,35669,0,1944.55,1966.19,0,0
2/17/2026,STORE_002,Hypermarket,1,0,32.7,92.3,1393,10,3.8,217832,24047,0,1987.55,1738.62,0,0
2/18/2026,STORE_002,Hypermarket,2,0,33.4,84.1,1500,11,4.1,198511,41591,15,1613.17,1514.17,0,0
2/19/2026,STORE_002,Hypermarket,3,0,30.4,80.2,1371,10,3.8,210091,27712,30,2032.8,1462.27,0,0
2/20/2026,STORE_002,Hypermarket,4,0,27.4,50,1725,11,0.7,320971,67748,15,2772.24,1770.31,1,0
2/21/2026,STORE_002,Hypermarket,5,1,37.6,75.8,2129,7,1.7,378453,40165,0,4102.37,2270.29,1,0
2/22/2026,STORE_002,Hypermarket,6,1,33.6,80.8,2280,8,4.5,201757,60028,0,2940.72,1786.22,1,0
2/23/2026,STORE_002,Hypermarket,0,0,29,79.9,1574,6,3.8,486821,112456,120,2836.53,3802.66,1,1
2/24/2026,STORE_002,Hypermarket,1,0,28.1,65.6,1748,5,1.2,119975,21722,0,2798.46,1069.72,1,0
2/25/2026,STORE_002,Hypermarket,2,0,30.2,62.7,1365,13,1.9,196059,35487,0,1746.19,1398.81,0,0
2/26/2026,STORE_002,Hypermarket,3,0,23.5,75.9,1487,6,5.2,244832,62357,0,2120.64,2039.18,0,0
2/27/2026,STORE_002,Hypermarket,4,0,25.8,44,1415,14,3,438763,116612,0,1839.31,2203.53,0,0
2/28/2026,STORE_002,Hypermarket,5,1,33.3,49.2,2108,13,3.8,282958,65861,0,2543.32,2073.06,1,0
3/1/2026,STORE_002,Hypermarket,6,1,31.4,87.8,2133,8,2,443681,55280,0,3887.86,2190.5,1,0
3/2/2026,STORE_002,Hypermarket,0,0,25.6,49.9,1375,5,3.3,396141,94139,0,3081.36,2238.3,1,0
3/3/2026,STORE_002,Hypermarket,1,0,22.3,57.8,1816,11,3,499854,102143,0,2156.75,2816.41,0,0
3/4/2026,STORE_002,Hypermarket,2,0,24.1,47.9,1800,11,1.4,223008,54896,0,2424.02,1113.8,0,0
3/5/2026,STORE_002,Hypermarket,3,0,26.1,76.4,1819,14,0.6,128625,28756,30,1387.38,1373.43,0,0
3/6/2026,STORE_002,Hypermarket,4,0,36.9,77.9,1668,7,5.7,343341,61380,0,2208.19,1741.5,0,0
3/7/2026,STORE_002,Hypermarket,5,1,38,42.7,2647,13,6,258280,30501,0,2230.37,1218.61,0,0
3/8/2026,STORE_002,Hypermarket,6,1,34.2,90.9,2288,6,4.7,461448,75418,30,3555.02,2926.61,1,0
3/9/2026,STORE_002,Hypermarket,0,0,32.4,58.1,1645,14,2.7,240180,42291,0,1482.27,1633.69,0,0
3/10/2026,STORE_002,Hypermarket,1,0,29.1,40.8,1624,12,4.2,387681,74705,0,1759.21,2569.64,0,0
3/11/2026,STORE_002,Hypermarket,2,0,29.7,41.4,1501,9,2.7,242635,47396,0,2343.5,1535.29,0,0
3/12/2026,STORE_002,Hypermarket,3,0,33.4,68.7,1741,11,5.4,449307,130717,0,1611.01,2499.71,0,0
3/13/2026,STORE_002,Hypermarket,4,0,29.7,50.7,1414,8,1.9,455891,106687,30,2971.74,2912.32,1,0
3/14/2026,STORE_002,Hypermarket,5,1,23.4,79.5,2262,8,5,186365,25388,0,2768.83,968.76,1,0
3/15/2026,STORE_002,Hypermarket,6,1,33.3,45.9,2374,14,5.5,482035,94820,15,2127.12,2914.6,0,0
3/16/2026,STORE_002,Hypermarket,0,0,32.1,92.3,1631,10,3.3,240507,35021,0,1880.73,1750.92,0,0
3/17/2026,STORE_002,Hypermarket,1,0,35.4,89.5,1507,14,1.9,351459,54462,15,1924.15,2276.53,0,0
3/18/2026,STORE_002,Hypermarket,2,0,23.5,74.3,1556,6,1.3,126160,31208,30,2455.35,987.94,0,0
3/19/2026,STORE_002,Hypermarket,3,0,22.4,75.3,1634,14,1.9,346860,75926,0,1608.98,2559.99,0,0
3/20/2026,STORE_002,Hypermarket,4,0,33.1,62.2,1544,11,4.5,417898,124638,0,2024.8,2045.7,0,0
3/21/2026,STORE_002,Hypermarket,5,1,31.3,55.1,2049,12,4,304451,42127,0,2396.4,1570.71,0,0
3/22/2026,STORE_002,Hypermarket,6,1,23.1,68.5,2041,9,0.9,235327,48948,30,3430.93,1948.51,1,0
3/23/2026,STORE_002,Hypermarket,0,0,27.2,58.3,1665,11,2.6,225541,47714,15,1633.67,1553.81,0,0
3/24/2026,STORE_002,Hypermarket,1,0,31,92.7,1418,13,1.4,332041,39624,0,1934.42,2349.47,0,0
3/25/2026,STORE_002,Hypermarket,2,0,32.6,83.7,1794,11,2.7,410375,42681,15,2106.34,2884.57,0,0
3/26/2026,STORE_002,Hypermarket,3,0,32.7,45.1,1459,12,4.7,219968,48766,0,1033.7,1057.94,0,0
3/27/2026,STORE_002,Hypermarket,4,0,23.9,52.5,1501,13,1,392826,58064,0,2103.57,2566.42,0,0
3/28/2026,STORE_002,Hypermarket,5,1,37.1,88,2104,10,3.2,497653,106156,0,3295.61,2938.92,1,0
3/29/2026,STORE_002,Hypermarket,6,1,30.6,74.5,2445,14,5.3,173861,22298,0,1753.74,1564.54,0,0
3/30/2026,STORE_002,Hypermarket,0,0,22.4,48.5,1442,8,3.7,498872,107273,0,2715.77,2565.59,1,0
3/31/2026,STORE_002,Hypermarket,1,0,24.2,89.4,1745,8,3.3,123429,15956,0,1726.85,574.52,0,0
1/1/2026,STORE_003,Hypermarket,3,0,37.4,70.2,1745,8,2.9,417243,112776,0,2740.52,2001.5,1,0
1/2/2026,STORE_003,Hypermarket,4,0,27.8,61.3,1552,6,3,350497,69019,15,2684.61,2344.88,1,0
1/3/2026,STORE_003,Hypermarket,5,1,28.9,49.4,1970,7,1.5,485423,54589,0,4244.23,3216.51,1,1
1/4/2026,STORE_003,Hypermarket,6,1,31.8,56.8,2322,10,2.8,132371,23953,0,2831.04,845.49,1,0
1/5/2026,STORE_003,Hypermarket,0,0,29.7,49.7,1467,9,0.6,170017,21551,0,2516.02,1438.02,1,0
1/6/2026,STORE_003,Hypermarket,1,0,32.9,50.4,1579,9,5.1,213132,62911,15,1656.88,1990.94,0,0
1/7/2026,STORE_003,Hypermarket,2,0,23.8,70.1,1499,8,2,391444,77368,0,2925.2,2111.2,1,0
1/8/2026,STORE_003,Hypermarket,3,0,29.6,60.7,1471,10,2.7,295113,82164,60,2036.57,2692.57,0,0
1/9/2026,STORE_003,Hypermarket,4,0,33,64.1,1403,14,5.6,128671,36073,0,723.25,1137.86,0,0
1/10/2026,STORE_003,Hypermarket,5,1,36.3,75,2315,11,3.4,196722,23830,120,2399.64,2533.38,0,0
1/11/2026,STORE_003,Hypermarket,6,1,22.6,81,2344,7,0.9,201015,21531,0,3771.2,1248.67,1,0
1/12/2026,STORE_003,Hypermarket,0,0,37.9,93.4,1734,7,1.5,259210,47286,0,2533.05,2096.28,1,0
1/13/2026,STORE_003,Hypermarket,1,0,28.8,44.5,1528,5,2.1,349599,50890,60,2838.25,2792.85,1,0
1/14/2026,STORE_003,Hypermarket,2,0,26.1,54.3,1314,13,3.4,448349,125162,0,1832.7,2160.38,0,0
1/15/2026,STORE_003,Hypermarket,3,0,23.8,66.7,1723,6,1.2,145838,17815,0,2699.57,643.3,1,0
1/16/2026,STORE_003,Hypermarket,4,0,30.8,61.4,1360,8,1.8,277876,65355,0,2877.2,1240.29,1,0
1/17/2026,STORE_003,Hypermarket,5,1,32.7,57.4,2485,13,3.5,462644,116127,0,3104.88,2990.92,1,0
1/18/2026,STORE_003,Hypermarket,6,1,34.4,76.1,2036,10,4.6,289784,83306,0,2406.61,1514.03,0,0
1/19/2026,STORE_003,Hypermarket,0,0,33.6,85,1384,7,1.3,157804,28828,15,2661.17,1605.44,1,0
1/20/2026,STORE_003,Hypermarket,1,0,23.7,48.3,1326,13,4.7,260878,34480,0,1359.38,1879.54,0,0
1/21/2026,STORE_003,Hypermarket,2,0,36.1,55.3,1374,14,4.1,168056,35462,15,816.33,1452.67,0,0
1/22/2026,STORE_003,Hypermarket,3,0,27.7,83.1,1547,10,5.2,241877,64468,0,1703.66,1846.73,0,0
1/23/2026,STORE_003,Hypermarket,4,0,32.9,81.6,1686,10,5.3,444761,77238,0,2179.84,2855.18,0,0
1/24/2026,STORE_003,Hypermarket,5,1,31.5,61.5,2186,12,1.5,180073,40321,0,2558.94,1536.56,1,0
1/25/2026,STORE_003,Hypermarket,6,1,31.4,66.5,2334,12,1.1,457430,110052,0,3571.48,2630.25,1,0
1/26/2026,STORE_003,Hypermarket,0,0,31.6,41.3,1436,7,0.8,142092,35407,120,2862.86,1902.2,1,0
1/27/2026,STORE_003,Hypermarket,1,0,30.3,60.5,1340,5,2.9,461278,66480,0,3475.56,2875.05,1,0
1/28/2026,STORE_003,Hypermarket,2,0,36.9,75.3,1484,8,3.2,228046,28201,0,2144.79,1890.43,0,0
1/29/2026,STORE_003,Hypermarket,3,0,31.1,72.3,1370,14,2.3,416364,99948,0,1978.33,2540.7,0,0
1/30/2026,STORE_003,Hypermarket,4,0,36.9,83,1308,7,2.9,312978,54890,0,2537.86,1979.3,1,0
1/31/2026,STORE_003,Hypermarket,5,1,37,78.8,2326,11,5.5,479810,89902,15,2617.96,3235.96,1,1
2/1/2026,STORE_003,Hypermarket,6,1,31.8,47.4,2403,12,3.1,232503,25903,0,2544.69,1225.42,1,0
2/2/2026,STORE_003,Hypermarket,0,0,36.5,53.7,1412,10,2.9,370040,94486,0,1971.45,2181.37,0,0
2/3/2026,STORE_003,Hypermarket,1,0,23,89.9,1348,8,2.2,130682,22146,30,2304.44,859.93,0,0
2/4/2026,STORE_003,Hypermarket,2,0,37.4,70.8,1731,14,5.1,211487,47560,0,713.05,1936.39,0,0
2/5/2026,STORE_003,Hypermarket,3,0,33.6,50.5,1444,7,5.8,129055,37873,0,1774.51,486.81,0,0
2/6/2026,STORE_003,Hypermarket,4,0,28.7,44.9,1610,5,3.4,197852,28783,0,2751.72,1310.01,1,0
2/7/2026,STORE_003,Hypermarket,5,1,30.8,73.7,2067,6,3.2,113140,14503,0,2928.32,656.89,1,0
2/8/2026,STORE_003,Hypermarket,6,1,35.8,65.3,2402,12,4.8,130651,22366,60,2150.66,1922.14,0,0
2/9/2026,STORE_003,Hypermarket,0,0,27.4,88,1543,8,4.7,105774,14911,30,1898.2,1609.45,0,0
2/10/2026,STORE_003,Hypermarket,1,0,25.8,64.8,1754,14,3.6,200417,22655,0,1229.46,1734.71,0,0
2/11/2026,STORE_003,Hypermarket,2,0,30,45.8,1597,13,2.7,203850,52006,60,1541.4,1610.42,0,0
2/12/2026,STORE_003,Hypermarket,3,0,26.6,83.6,1559,9,2.2,271918,76957,0,2477.28,1401.34,0,0
2/13/2026,STORE_003,Hypermarket,4,0,34.7,57.4,1693,7,5.4,232970,69123,0,1765.77,1212.57,0,0
2/14/2026,STORE_003,Hypermarket,5,1,36.3,76,2019,8,4.9,486805,132106,0,3144.91,3083.26,1,1
2/15/2026,STORE_003,Hypermarket,6,1,37.8,66.7,2000,6,1.4,494341,146303,0,4370.8,2490.63,1,0
2/16/2026,STORE_003,Hypermarket,0,0,23.5,41.6,1677,14,0.9,319780,94236,0,2228.18,1637.69,0,0
2/17/2026,STORE_003,Hypermarket,1,0,23.8,81.8,1756,6,5,257547,41931,0,2468.59,1971.39,0,0
2/18/2026,STORE_003,Hypermarket,2,0,30.4,53.4,1335,14,1.1,125556,23105,30,1329.37,1479.65,0,0
2/19/2026,STORE_003,Hypermarket,3,0,31.8,64,1559,5,5.1,394746,89539,0,2520.45,2500.91,1,0
2/20/2026,STORE_003,Hypermarket,4,0,33,43.8,1365,13,4.1,286368,76577,0,1505.73,1871.12,0,0
2/21/2026,STORE_003,Hypermarket,5,1,30.2,56.8,2058,7,4.7,472013,118876,30,3617.46,2714.23,1,0
2/22/2026,STORE_003,Hypermarket,6,1,22.9,89.4,2339,10,4.2,167990,22479,0,2451.52,1102.15,0,0
2/23/2026,STORE_003,Hypermarket,0,0,28.1,47.1,1479,8,0.6,346183,85846,30,3185.27,2092.75,1,0
2/24/2026,STORE_003,Hypermarket,1,0,26.7,90.1,1643,13,5.1,279526,62688,0,1222.96,1929.67,0,0
2/25/2026,STORE_003,Hypermarket,2,0,32.2,64.7,1386,9,3.5,143472,21288,0,1706.3,1041.23,0,0
2/26/2026,STORE_003,Hypermarket,3,0,31.6,56.3,1425,13,0.8,370403,102026,30,2127.55,2309.32,0,0
2/27/2026,STORE_003,Hypermarket,4,0,37.8,74.4,1536,5,2.1,285378,43821,15,3099.65,2062.44,1,0
2/28/2026,STORE_003,Hypermarket,5,1,26,52.1,2235,9,1,447580,47680,30,4186.15,2388.89,1,0
3/1/2026,STORE_003,Hypermarket,6,1,22.4,78.2,1975,10,2.9,426190,54341,0,3012.23,2142.37,1,0
3/2/2026,STORE_003,Hypermarket,0,0,37.2,64.5,1660,7,1.8,248934,31449,0,2986.33,1910.92,1,0
3/3/2026,STORE_003,Hypermarket,1,0,26.2,54.9,1508,13,3.3,404214,73322,30,1523.09,2119.69,0,0
3/4/2026,STORE_003,Hypermarket,2,0,31.7,89.9,1396,14,5.8,306940,59728,0,911.96,1932.64,0,0
3/5/2026,STORE_003,Hypermarket,3,0,29.6,72.5,1539,5,0.5,420701,112185,15,3573.01,2403.91,1,0
3/6/2026,STORE_003,Hypermarket,4,0,29,52,1472,10,5.6,282024,74267,0,1560.21,2029.33,0,0
3/7/2026,STORE_003,Hypermarket,5,1,36.1,71.6,1941,7,3,414925,55201,0,3829.71,2699.79,1,0
3/8/2026,STORE_003,Hypermarket,6,1,32.7,54.2,2354,5,5,330363,87295,0,3268.41,2114.32,1,0
3/9/2026,STORE_003,Hypermarket,0,0,26.1,43.3,1571,6,1.9,138211,24431,0,2376.14,820.51,0,0
3/10/2026,STORE_003,Hypermarket,1,0,28.7,81.3,1315,14,2.3,423494,77302,0,2101.31,2651.32,0,0
3/11/2026,STORE_003,Hypermarket,2,0,31.6,67.6,1348,13,3.9,277691,37313,0,1428.18,1990.24,0,0
3/12/2026,STORE_003,Hypermarket,3,0,35.3,94.5,1675,13,2.8,102282,20170,0,1085.87,515.15,0,0
3/13/2026,STORE_003,Hypermarket,4,0,30.9,58.9,1632,13,0.9,372660,88878,0,2093.75,2367.47,0,0
3/14/2026,STORE_003,Hypermarket,5,1,26.9,83.4,2208,6,2.6,315234,85589,30,3655.79,2191.86,1,0
3/15/2026,STORE_003,Hypermarket,6,1,31.3,60.4,2307,8,2.7,339511,59384,0,3328.08,1965.78,1,0
3/16/2026,STORE_003,Hypermarket,0,0,36.2,59,1355,14,4.1,364155,36904,0,1451.4,2470.5,0,0
3/17/2026,STORE_003,Hypermarket,1,0,23.6,86.6,1536,8,3.7,195040,23609,0,1890.77,1825.03,0,0
3/18/2026,STORE_003,Hypermarket,2,0,37.6,69.3,1346,14,0.7,409237,116684,0,2051,2337.52,0,0
3/19/2026,STORE_003,Hypermarket,3,0,24.4,66.8,1344,14,1.1,304923,49639,30,2070.27,2249.96,0,0
3/20/2026,STORE_003,Hypermarket,4,0,37.7,55.9,1743,8,0.7,267647,44985,0,2851.82,1348.58,1,0
3/21/2026,STORE_003,Hypermarket,5,1,30.7,81.9,2456,7,2.5,240641,36545,0,3514.75,1160.05,1,0
3/22/2026,STORE_003,Hypermarket,6,1,26.3,93.2,2279,7,1.4,256951,77070,0,3597.79,2012.61,1,0
3/23/2026,STORE_003,Hypermarket,0,0,34.5,80.4,1426,10,3.6,336281,64663,15,2256.7,1893.09,0,0
3/24/2026,STORE_003,Hypermarket,1,0,33.4,89.9,1345,9,3.8,388565,80307,30,2425.94,2310.18,0,0
3/25/2026,STORE_003,Hypermarket,2,0,24,83.7,1414,14,5.7,166418,32041,120,902.36,2386.6,0,0
3/26/2026,STORE_003,Hypermarket,3,0,31.4,60.6,1418,5,3.6,364598,64646,0,2897.36,2154.12,1,0
3/27/2026,STORE_003,Hypermarket,4,0,35.8,93.9,1477,7,3.8,283043,73964,0,2089.47,2372.04,0,0
3/28/2026,STORE_003,Hypermarket,5,1,22.1,75.2,2113,12,0.8,280005,42339,0,2938.96,2207.66,1,0
3/29/2026,STORE_003,Hypermarket,6,1,33.7,81.9,2517,10,4.5,218325,44853,0,2937.03,1650.3,1,0
3/30/2026,STORE_003,Hypermarket,0,0,27.3,80.3,1535,7,6,372647,111395,0,1825.29,1742.95,0,0
3/31/2026,STORE_003,Hypermarket,1,0,27.5,74.8,1314,12,5.7,216923,50262,15,1143.41,1942.44,0,0
1/1/2026,STORE_004,Supermarket,3,0,33.6,55.4,1799,10,2.2,349415,42698,15,2132.12,2678.96,0,0
1/2/2026,STORE_004,Supermarket,4,0,37.3,68.7,1591,12,1.1,243521,63048,15,1819.88,1310.43,0,0
1/3/2026,STORE_004,Supermarket,5,1,28.4,56.2,2311,11,2.7,248694,71088,0,2805.79,1960.18,1,0
1/4/2026,STORE_004,Supermarket,6,1,29.6,52.4,2603,9,0.7,222258,38131,0,3939.21,1039.41,1,0
1/5/2026,STORE_004,Supermarket,0,0,30,64.7,1744,12,3.6,125235,29621,0,1548.39,1184.23,0,0
1/6/2026,STORE_004,Supermarket,1,0,34.9,70.4,1709,11,4.5,436907,87092,0,2022.45,2204.06,0,0
1/7/2026,STORE_004,Supermarket,2,0,22.9,81.2,1600,5,3.3,413105,64127,15,3229.81,2136.31,1,0
1/8/2026,STORE_004,Supermarket,3,0,22.1,53.6,1827,13,2.5,132402,28201,30,1691.82,1305.12,0,0
1/9/2026,STORE_004,Supermarket,4,0,37.1,63.2,1632,12,5.8,341060,42020,0,1593.42,2145.03,0,0
1/10/2026,STORE_004,Supermarket,5,1,35.5,77.2,2245,9,4.4,115372,15755,0,2678.91,615.56,1,0
1/11/2026,STORE_004,Supermarket,6,1,37.1,54.8,2485,7,4,487881,59014,0,4037.75,2674.43,1,0
1/12/2026,STORE_004,Supermarket,0,0,29.6,46.1,1770,7,2.5,400486,101528,0,3088.18,2610.91,1,0
1/13/2026,STORE_004,Supermarket,1,0,25.4,76.2,1683,12,4.1,438540,109987,0,2133.86,2443.03,0,0
1/14/2026,STORE_004,Supermarket,2,0,24,80.5,1953,9,4.3,162261,22691,30,1680.49,1260.21,0,0
1/15/2026,STORE_004,Supermarket,3,0,22.9,46.1,1707,9,4.3,390316,68624,0,1965.95,1723.71,0,0
1/16/2026,STORE_004,Supermarket,4,0,28.6,67.1,1647,5,5.5,416275,42453,0,2608.67,2889.17,1,0
1/17/2026,STORE_004,Supermarket,5,1,32.8,57.2,2699,5,3.4,364889,99040,0,4028.83,1736.43,1,0
1/18/2026,STORE_004,Supermarket,6,1,27.9,50,2457,9,2.4,155350,31628,0,2860.01,937.99,1,0
1/19/2026,STORE_004,Supermarket,0,0,26.8,75.6,1952,7,0.6,104426,27772,0,2508.31,674.07,1,0
1/20/2026,STORE_004,Supermarket,1,0,24.4,89.5,1811,6,3.8,152428,38029,0,2550.63,710.48,1,0
1/21/2026,STORE_004,Supermarket,2,0,37.1,83.2,1962,6,4,161215,18559,0,2086.13,966.56,0,0
1/22/2026,STORE_004,Supermarket,3,0,24.3,74.2,1849,7,1.3,480596,98739,30,3371.78,2710.96,1,0
1/23/2026,STORE_004,Supermarket,4,0,35,92.1,1611,10,3.1,118990,13341,0,1987.44,1236.35,0,0
1/24/2026,STORE_004,Supermarket,5,1,30,52.7,2177,5,5.8,409262,69923,60,3519.57,3416.72,1,1
1/25/2026,STORE_004,Supermarket,6,1,36.9,81.8,2536,7,1.4,143527,20357,0,3963.77,1491.18,1,0
1/26/2026,STORE_004,Supermarket,0,0,34.7,87,1560,10,1.1,375011,108860,120,2924.71,3721.28,1,1
1/27/2026,STORE_004,Supermarket,1,0,31.1,54.3,1664,7,1.5,485893,109067,120,3413.74,3637.97,1,1
1/28/2026,STORE_004,Supermarket,2,0,36.5,91.9,1945,9,5.7,150081,37739,0,1585.66,1185.51,0,0
1/29/2026,STORE_004,Supermarket,3,0,26,75.2,1787,8,3.6,187893,50926,0,2255.14,1630.47,0,0
1/30/2026,STORE_004,Supermarket,4,0,28,70.4,1862,9,1.7,163227,22129,0,2124.95,1475.61,0,0
1/31/2026,STORE_004,Supermarket,5,1,25.9,62.2,2785,14,5.5,140695,41929,60,1931.52,1614.25,0,0
2/1/2026,STORE_004,Supermarket,6,1,29.7,74.9,2210,7,0.8,226310,48752,0,3648.22,1792.3,1,0
2/2/2026,STORE_004,Supermarket,0,0,31,59.7,1782,6,5.5,255801,72557,0,1972.31,1619.06,0,0
2/3/2026,STORE_004,Supermarket,1,0,22.6,42,1524,6,4.2,257608,74729,0,2425.67,1463.65,0,0
2/4/2026,STORE_004,Supermarket,2,0,30.3,81.7,1581,11,5.4,294886,79374,0,1661.77,2134.14,0,0
2/5/2026,STORE_004,Supermarket,3,0,36.2,69.9,1540,12,1.5,193330,42292,0,1809.27,1493.39,0,0
2/6/2026,STORE_004,Supermarket,4,0,26.7,88.4,1677,12,5,245342,40834,0,1401.17,1896.53,0,0
2/7/2026,STORE_004,Supermarket,5,1,24.4,88.2,2531,12,2.1,354205,74149,0,2940.71,2248.06,1,0
2/8/2026,STORE_004,Supermarket,6,1,27.8,79.8,2289,11,2.2,400546,110769,0,3191.64,2072.25,1,0
2/9/2026,STORE_004,Supermarket,0,0,33.7,75.2,1653,11,3.9,292029,48202,15,1578.33,2321.02,0,0
2/10/2026,STORE_004,Supermarket,1,0,27.9,89.6,1863,11,1.7,236213,42196,0,1865.8,1750.38,0,0
2/11/2026,STORE_004,Supermarket,2,0,30.7,79,1520,13,2,169087,18343,0,1468.11,1337.49,0,0
2/12/2026,STORE_004,Supermarket,3,0,33.4,81.7,1485,5,4.4,495826,86202,60,3078.48,3818.74,1,1
2/13/2026,STORE_004,Supermarket,4,0,33.4,65.4,1924,11,1.2,133276,36296,0,1836.1,1336.65,0,0
2/14/2026,STORE_004,Supermarket,5,1,27.5,58.5,2845,7,1.2,403664,99063,0,4387.58,2778.41,1,0
2/15/2026,STORE_004,Supermarket,6,1,28.1,49,2707,8,2.6,301554,77328,0,3756.16,2092.82,1,0
2/16/2026,STORE_004,Supermarket,0,0,35.5,45.4,1730,7,4.4,465735,51386,0,2842.05,2860.83,1,0
2/17/2026,STORE_004,Supermarket,1,0,24.9,84,1726,14,4.9,221950,35946,0,1090.12,1857.66,0,0
2/18/2026,STORE_004,Supermarket,2,0,34.7,53.8,1765,7,5.2,448754,101238,0,2246.16,2241.49,0,0
2/19/2026,STORE_004,Supermarket,3,0,22.3,61.5,1533,5,5.6,241880,66661,0,2130.57,1252.53,0,0
2/20/2026,STORE_004,Supermarket,4,0,23.3,58.3,1793,6,1.6,146220,37574,15,2870.34,788.69,1,0
2/21/2026,STORE_004,Supermarket,5,1,34.6,73.1,2853,12,2,151913,42983,0,3266.59,1101.98,1,0
2/22/2026,STORE_004,Supermarket,6,1,23.6,70.1,2845,13,4.6,472185,102198,0,2691.3,2708.93,1,0
2/23/2026,STORE_004,Supermarket,0,0,31.7,68.4,1827,6,2.1,176361,41966,0,2468.69,1340.86,0,0
2/24/2026,STORE_004,Supermarket,1,0,36.8,43.8,1661,8,3.8,332930,76474,0,2600.97,1495.16,1,0
2/25/2026,STORE_004,Supermarket,2,0,26,77.2,1809,10,2.2,154330,33880,30,1763.1,1879.98,0,0
2/26/2026,STORE_004,Supermarket,3,0,24.5,92,1825,9,1.6,363957,81905,0,2766.91,1768.77,1,0
2/27/2026,STORE_004,Supermarket,4,0,28.2,91.5,1721,7,5.8,176872,47394,0,2052.05,1472.32,0,0
2/28/2026,STORE_004,Supermarket,5,1,23.6,40.5,2455,7,5.4,412660,116745,0,3333.46,2061.51,1,0
3/1/2026,STORE_004,Supermarket,6,1,33.6,40.5,2567,5,3.5,191176,28371,15,3485.41,986.77,1,0
3/2/2026,STORE_004,Supermarket,0,0,36,80.6,1437,5,1.7,333540,38500,30,3125.64,2244.36,1,0
3/3/2026,STORE_004,Supermarket,1,0,25.4,72.8,1749,11,5.1,257221,45439,0,1641.4,1414.81,0,0
3/4/2026,STORE_004,Supermarket,2,0,28.4,68.2,1566,12,0.9,182409,33836,0,1891.58,1558.36,0,0
3/5/2026,STORE_004,Supermarket,3,0,35.8,90.3,1891,6,4.8,463265,104720,0,2662.19,2971.69,1,0
3/6/2026,STORE_004,Supermarket,4,0,29.1,75.7,1932,6,5,206133,52980,0,2209.61,1104.36,0,0
3/7/2026,STORE_004,Supermarket,5,1,28.5,65.8,2165,5,4.7,113261,11586,0,2836.15,1330.23,1,0
3/8/2026,STORE_004,Supermarket,6,1,30.3,83.3,2819,6,5.3,266508,70703,0,3137.29,2039.78,1,0
3/9/2026,STORE_004,Supermarket,0,0,36.8,64.4,1727,13,2.5,226270,26095,30,1454.88,2136.67,0,0
3/10/2026,STORE_004,Supermarket,1,0,34.9,83.2,1769,5,3.3,446918,65409,0,2857.32,3062.25,1,1
3/11/2026,STORE_004,Supermarket,2,0,35.3,59.2,1710,9,4.2,176240,29776,0,1491.43,1149.82,0,0
3/12/2026,STORE_004,Supermarket,3,0,26.7,65.3,1650,8,1.8,285388,37972,0,2765.22,1975.08,1,0
3/13/2026,STORE_004,Supermarket,4,0,30.2,48.9,1475,5,2.8,403602,59857,0,2928.12,1921.06,1,0
3/14/2026,STORE_004,Supermarket,5,1,30.3,73.4,2321,11,1.8,197406,28987,0,3065.09,1818.59,1,0
3/15/2026,STORE_004,Supermarket,6,1,30.9,62.9,2452,7,4.2,334473,44932,0,3677.26,1927.52,1,0
3/16/2026,STORE_004,Supermarket,0,0,32.1,69.3,1492,5,3.2,193500,32399,0,2419.95,1527.97,0,0
3/17/2026,STORE_004,Supermarket,1,0,28.3,89.3,1539,5,5.7,100192,10382,15,1898.84,629.41,0,0
3/18/2026,STORE_004,Supermarket,2,0,31,74.6,1799,13,4.5,142056,29424,15,1270.01,1560.47,0,0
3/19/2026,STORE_004,Supermarket,3,0,29.8,58.3,1854,7,5,218696,60472,0,1955.49,993.08,0,0
3/20/2026,STORE_004,Supermarket,4,0,34.9,89.6,1539,12,5.3,102763,14011,15,976.78,1455.04,0,0
3/21/2026,STORE_004,Supermarket,5,1,37.7,64.8,2512,10,2.9,276348,58533,0,3089.01,1484.75,1,0
3/22/2026,STORE_004,Supermarket,6,1,28,43.8,2409,8,0.7,492670,119104,0,4396.85,2452.42,1,0
3/23/2026,STORE_004,Supermarket,0,0,29.7,40.3,1861,12,3.5,345144,74621,0,1839.03,2043.15,0,0
3/24/2026,STORE_004,Supermarket,1,0,27.6,77.3,1837,7,4.2,382140,67762,0,2442.43,2127.56,0,0
3/25/2026,STORE_004,Supermarket,2,0,24.5,54.2,1755,9,4.1,485827,131424,0,2311.3,2972.5,0,0
3/26/2026,STORE_004,Supermarket,3,0,28.6,79.2,1637,12,2.2,295623,65023,30,2099.55,2527.35,0,0
3/27/2026,STORE_004,Supermarket,4,0,33.9,70.7,1744,6,2.6,330233,62795,60,2894.47,2563.85,1,0
3/28/2026,STORE_004,Supermarket,5,1,30.5,75,2680,5,3.4,137019,26393,0,3828.3,1217.3,1,0
3/29/2026,STORE_004,Supermarket,6,1,23,82.7,2733,11,5.9,474743,55866,0,2895.39,2605.16,1,0
3/30/2026,STORE_004,Supermarket,0,0,22.5,54.3,1448,9,5.4,470180,106264,30,2062.55,3210.07,0,1
3/31/2026,STORE_004,Supermarket,1,0,25.2,68.3,1825,11,6,482865,129878,0,1488.58,2821.93,0,0
1/1/2026,STORE_005,Supermarket,3,0,36.4,91.3,1871,14,0.5,123386,18298,0,1461.92,984.02,0,0
1/2/2026,STORE_005,Supermarket,4,0,22.4,59.8,1862,9,1.8,357438,90385,0,2364.44,2340.89,0,0
1/3/2026,STORE_005,Supermarket,5,1,35.4,74.1,2564,9,5.3,196393,34981,0,2854.59,1519.59,1,0
1/4/2026,STORE_005,Supermarket,6,1,32.8,47.6,2575,7,5.3,367885,64121,0,3344.84,2279.3,1,0
1/5/2026,STORE_005,Supermarket,0,0,29.1,67.2,1903,14,4.4,179768,36097,60,937.29,2178.77,0,0
1/6/2026,STORE_005,Supermarket,1,0,35.8,46.1,1938,9,0.8,493786,118225,0,2915.1,2561.52,1,0
1/7/2026,STORE_005,Supermarket,2,0,32.2,73,1535,10,3,254542,48511,60,2123.82,1813.31,0,0
1/8/2026,STORE_005,Supermarket,3,0,22.4,49.4,1683,12,4.9,343877,71246,0,1318.27,1881.47,0,0
1/9/2026,STORE_005,Supermarket,4,0,31.2,55.2,1936,14,4.6,356875,61020,0,1291.35,1637.72,0,0
1/10/2026,STORE_005,Supermarket,5,1,23.4,73.4,2792,11,3.3,421690,104362,0,3677.72,2748.29,1,0
1/11/2026,STORE_005,Supermarket,6,1,22.5,89.4,2606,11,3.9,240148,27011,0,3088.5,1148.46,1,0
1/12/2026,STORE_005,Supermarket,0,0,35.1,86.9,1945,7,3.5,445158,63283,0,2645.95,2631.1,1,0
1/13/2026,STORE_005,Supermarket,1,0,23.6,49.2,1518,7,5.9,126616,37168,0,1804.01,677.05,0,0
1/14/2026,STORE_005,Supermarket,2,0,27.2,56.5,1564,14,1.9,353347,82965,0,2018.51,1782.74,0,0
1/15/2026,STORE_005,Supermarket,3,0,24.4,58.8,1905,12,1,275745,73310,15,1985.58,1944.34,0,0
1/16/2026,STORE_005,Supermarket,4,0,29.7,82.9,1603,12,3.9,447247,60310,30,2215.33,2875.18,0,0
1/17/2026,STORE_005,Supermarket,5,1,28.3,79.3,2361,6,3,230956,39126,0,3690.93,2025.95,1,0
1/18/2026,STORE_005,Supermarket,6,1,25.2,42.5,2249,5,4.7,131379,13553,0,3240.89,881.26,1,0
1/19/2026,STORE_005,Supermarket,0,0,31,77.8,1794,13,5.2,385713,48077,0,1419.14,2233.11,0,0
1/20/2026,STORE_005,Supermarket,1,0,36.5,88.9,1880,10,3.6,490136,99291,30,2680.41,3102.66,1,1
1/21/2026,STORE_005,Supermarket,2,0,36.9,80.8,1590,10,5.2,181972,28338,0,1628.37,1019.6,0,0
1/22/2026,STORE_005,Supermarket,3,0,26.6,91,1962,12,2.5,256877,38675,60,1762.44,2684.37,0,0
1/23/2026,STORE_005,Supermarket,4,0,33.7,71.5,1621,8,4.2,294472,44326,0,2214.4,1877.31,0,0
1/24/2026,STORE_005,Supermarket,5,1,34,74.3,2590,5,4,192876,28239,0,3400.46,1411.62,1,0
1/25/2026,STORE_005,Supermarket,6,1,26.7,53,2841,11,2.1,191911,54676,15,2888.18,1492,1,0
1/26/2026,STORE_005,Supermarket,0,0,34.4,78.6,1771,10,2.9,297478,85386,0,2127.47,2103.31,0,0
1/27/2026,STORE_005,Supermarket,1,0,32.8,82,1463,5,3.3,172307,40320,0,2304.95,1545.09,0,0
1/28/2026,STORE_005,Supermarket,2,0,32,55.3,1899,13,5.1,250528,64937,15,1072.56,1444.04,0,0
1/29/2026,STORE_005,Supermarket,3,0,29.5,82.5,1933,12,2,246621,58973,0,1669.86,1327.95,0,0
1/30/2026,STORE_005,Supermarket,4,0,31.1,75.8,1552,14,4.2,390198,111390,0,1595.25,2151.94,0,0
1/31/2026,STORE_005,Supermarket,5,1,28.9,44.8,2362,7,2.4,420304,69955,0,4023.86,1921.92,1,0
2/1/2026,STORE_005,Supermarket,6,1,31.6,75.9,2297,6,3.9,178116,49332,15,3143.7,1203.74,1,0
2/2/2026,STORE_005,Supermarket,0,0,37.4,40.6,1825,13,2.4,302834,49172,0,1773.85,1401.91,0,0
2/3/2026,STORE_005,Supermarket,1,0,26.2,58.9,1889,12,5.7,335889,95972,0,1168.35,1579.51,0,0
2/4/2026,STORE_005,Supermarket,2,0,31.5,48.3,1961,13,5.5,367842,54930,0,1482.49,2303.52,0,0
2/5/2026,STORE_005,Supermarket,3,0,34.1,71.8,1927,9,1.1,119738,13305,0,2410.29,697.04,0,0
2/6/2026,STORE_005,Supermarket,4,0,28.6,62.1,1916,8,4.7,221987,36134,0,1759.94,1210.87,0,0
2/7/2026,STORE_005,Supermarket,5,1,25,58.8,2468,5,5,113780,28101,0,3157.25,658.25,1,0
2/8/2026,STORE_005,Supermarket,6,1,26.8,72.8,2470,9,3.7,378404,64717,0,3060.91,1962.33,1,0
2/9/2026,STORE_005,Supermarket,0,0,31.3,45.8,1910,12,4.1,405090,73795,0,1580.82,2762.01,0,0
2/10/2026,STORE_005,Supermarket,1,0,26.1,82.9,1492,9,3.1,343767,40713,0,2554.15,1824.31,1,0
2/11/2026,STORE_005,Supermarket,2,0,34.5,78.5,1772,11,1.4,499294,105975,0,2871.93,2828.02,1,0
2/12/2026,STORE_005,Supermarket,3,0,22.5,83,1568,6,0.8,232659,24533,0,3305.78,1243.05,1,0
2/13/2026,STORE_005,Supermarket,4,0,31.2,47.6,1810,14,5,174960,20170,30,675.9,1767.53,0,0
2/14/2026,STORE_005,Supermarket,5,1,22.8,70.7,2271,10,3.1,428269,121019,0,3105.8,2150.12,1,0
2/15/2026,STORE_005,Supermarket,6,1,31.2,81.9,2721,9,1.6,240347,29737,60,3640.14,2387.3,1,0
2/16/2026,STORE_005,Supermarket,0,0,22.5,66.2,1659,10,4.1,450353,74948,30,2031,3207.73,0,1
2/17/2026,STORE_005,Supermarket,1,0,25.8,68.2,1856,7,0.9,323122,47271,0,2779.92,2389.39,1,0
2/18/2026,STORE_005,Supermarket,2,0,27.1,64.1,1924,6,1.1,268735,67185,0,2926.73,1709.26,1,0
2/19/2026,STORE_005,Supermarket,3,0,25.5,55.8,1739,8,2.8,476671,131497,0,2818.7,2409.64,1,0
2/20/2026,STORE_005,Supermarket,4,0,33.7,92.7,1558,12,0.8,158219,44820,0,1904.16,1367.52,0,0
2/21/2026,STORE_005,Supermarket,5,1,34,69.2,2646,11,4.5,137034,38193,0,2762.97,570.83,1,0
2/22/2026,STORE_005,Supermarket,6,1,25.8,45.9,2711,10,1.9,150599,31549,0,3055.82,1421.28,1,0
2/23/2026,STORE_005,Supermarket,0,0,36.1,70.8,1886,5,4.3,121438,21741,15,2374.13,995.9,0,0
2/24/2026,STORE_005,Supermarket,1,0,34.9,92.1,1655,11,2,262793,27633,0,2203.91,1924.27,0,0
2/25/2026,STORE_005,Supermarket,2,0,23.9,91.6,1536,7,5.4,309988,50045,0,1889.71,1861.43,0,0
2/26/2026,STORE_005,Supermarket,3,0,24.7,63,1847,14,1,261081,43890,15,1652.64,1320.3,0,0
2/27/2026,STORE_005,Supermarket,4,0,27.4,44.2,1566,9,5.1,448844,72228,0,2000.92,2293.71,0,0
2/28/2026,STORE_005,Supermarket,5,1,22.6,91,2312,5,0.6,292994,30978,0,4494.41,1362.27,1,0
3/1/2026,STORE_005,Supermarket,6,1,26.9,42.2,2582,8,5.9,139553,15682,0,2790.98,1024.94,1,0
3/2/2026,STORE_005,Supermarket,0,0,24.1,68.2,1544,5,1.7,313456,45518,15,2898.53,2472.78,1,0
3/3/2026,STORE_005,Supermarket,1,0,29.2,58.6,1909,11,1.7,215657,50153,30,2218.73,1959.17,0,0
3/4/2026,STORE_005,Supermarket,2,0,29.8,78.2,1737,14,1.6,122692,30922,0,1309.99,646.31,0,0
3/5/2026,STORE_005,Supermarket,3,0,27.8,62.5,1806,9,5.1,378572,63413,15,2303.36,2115.88,0,0
3/6/2026,STORE_005,Supermarket,4,0,27.5,58.6,1607,13,1.8,310834,71374,30,1707.03,2457.99,0,0
3/7/2026,STORE_005,Supermarket,5,1,30.7,45.8,2191,11,4.6,103748,12076,0,1901.01,1299.4,0,0
3/8/2026,STORE_005,Supermarket,6,1,29.1,67.8,2243,14,4.9,440130,94875,30,2352.37,2638.99,0,0
3/9/2026,STORE_005,Supermarket,0,0,31.9,62.6,1669,12,3.6,468655,65754,60,2228.17,3479.66,0,1
3/10/2026,STORE_005,Supermarket,1,0,30.9,82.9,1447,6,1.9,111984,31129,120,2364.86,1957.19,0,0
3/11/2026,STORE_005,Supermarket,2,0,34.2,53.9,1906,7,1.2,209863,24901,60,2561.39,1617.1,1,0
3/12/2026,STORE_005,Supermarket,3,0,36.2,91.9,1852,6,3.7,310515,48187,15,2731.64,1885.55,1,0
3/13/2026,STORE_005,Supermarket,4,0,25.7,74.4,1842,14,1.9,248725,31387,0,1378.65,1944.77,0,0
3/14/2026,STORE_005,Supermarket,5,1,33.7,58.8,2503,6,2.8,287464,55499,0,3671.58,1363.82,1,0
3/15/2026,STORE_005,Supermarket,6,1,22.4,74.7,2465,8,1.5,244282,55374,15,3854.65,1605.39,1,0
3/16/2026,STORE_005,Supermarket,0,0,31.5,49.1,1452,9,0.9,242157,64889,0,2767.32,1815.79,1,0
3/17/2026,STORE_005,Supermarket,1,0,24.4,86.8,1974,10,3.4,438767,131140,0,2547.45,2384.12,1,0
3/18/2026,STORE_005,Supermarket,2,0,31.8,72,1576,9,4.1,291591,36610,0,2131.56,1375.42,0,0
3/19/2026,STORE_005,Supermarket,3,0,36.4,86,1507,5,5.1,368782,73680,0,2655.21,2678.18,1,0
3/20/2026,STORE_005,Supermarket,4,0,26.6,56.4,1920,9,4.4,223664,47164,0,2048.49,1012.62,0,0
3/21/2026,STORE_005,Supermarket,5,1,36.3,85.3,2805,10,5,140542,24734,0,2477.76,1028.84,0,0
3/22/2026,STORE_005,Supermarket,6,1,23.5,57.3,2228,11,5.9,150519,27235,0,2269.83,607.81,0,0
3/23/2026,STORE_005,Supermarket,0,0,29.4,57.6,1696,5,2.7,194108,52780,0,2636.62,1484.99,1,0
3/24/2026,STORE_005,Supermarket,1,0,33.8,76.7,1503,8,4.4,332520,86727,0,1940.84,2556.38,0,0
3/25/2026,STORE_005,Supermarket,2,0,34.5,77.1,1853,8,3.2,438130,63619,0,2540.92,2618.01,1,0
3/26/2026,STORE_005,Supermarket,3,0,26.8,55.3,1855,12,0.8,163014,48104,0,1730.38,681.66,0,0
3/27/2026,STORE_005,Supermarket,4,0,26.7,91.3,1721,7,4.3,462355,74695,0,2822.76,3117.11,1,1
3/28/2026,STORE_005,Supermarket,5,1,31.3,80.2,2421,11,3.1,435513,110659,0,3279.35,3016.24,1,1
3/29/2026,STORE_005,Supermarket,6,1,33.7,90.8,2860,10,2.2,115989,26169,60,3056.32,1796.95,1,0
3/30/2026,STORE_005,Supermarket,0,0,27.9,70.3,1865,6,3.7,458766,77588,15,2660.07,2760.96,1,0
3/31/2026,STORE_005,Supermarket,1,0,24.7,43.4,1708,7,3,135315,24375,0,2190.33,1313.55,0,0
